{
    "ticker": "AAPL",
    "last_close": 188.85000610351562,
    "monthly_high": 196.12972989673594,
    "monthly_low": 179.0215641124459
}